<?xml version="1.0" encoding="UTF-8" standalone="yes"?>
<OfficeApp xmlns="http://schemas.microsoft.com/office/appforoffice/1.1" xmlns:xsi="http://www.w3.org/2001/XMLSchema-instance" xmlns:bt="http://schemas.microsoft.com/office/officeappbasictypes/1.0" xmlns:mailappor="http://schemas.microsoft.com/office/mailappversionoverrides/1.0" xsi:type="MailApp">
  <Id>8ffa0ab2-1cff-4478-9f16-067185bfca75</Id>
  <Version>1.0.0.4</Version>
  <ProviderName>SDS</ProviderName>
  <DefaultLocale>en-US</DefaultLocale>
  <DisplayName DefaultValue="SDS-AI-Plugin"/>
  <Description DefaultValue="A template to get started."/>
  <IconUrl DefaultValue="https://samermerhi559.github.io/SDS-AI-Outlook-Plugin/assets/icon-64.png"/>
  <HighResolutionIconUrl DefaultValue="https://samermerhi559.github.io/SDS-AI-Outlook-Plugin/assets/icon-128.png"/>
  <SupportUrl DefaultValue="https://www.contoso.com/help"/>
  <AppDomains>
    <AppDomain>https://www.contoso.com</AppDomain>
  </AppDomains>
  <Hosts>
    <Host Name="Mailbox"/>
  </Hosts>
  <Requirements>
    <Sets>
      <Set Name="Mailbox" MinVersion="1.1"/>
    </Sets>
  </Requirements>
  <FormSettings>
    <Form xsi:type="ItemRead">
      <DesktopSettings>
        <SourceLocation DefaultValue="https://samermerhi559.github.io/SDS-AI-Outlook-Plugin/taskpane.html"/>
        <RequestedHeight>450</RequestedHeight>
      </DesktopSettings>
    </Form>
  </FormSettings>
  <Permissions>ReadWriteItem</Permissions>
  <Rule xsi:type="RuleCollection" Mode="Or">
    <Rule xsi:type="ItemIs" ItemType="Message" FormType="Read"/>
  </Rule>
  <VersionOverrides xmlns="http://schemas.microsoft.com/office/mailappversionoverrides" xsi:type="VersionOverridesV1_0">
    <VersionOverrides xmlns="http://schemas.microsoft.com/office/mailappversionoverrides/1.1" xsi:type="VersionOverridesV1_1">
      <Requirements>
        <bt:Sets DefaultMinVersion="1.3">
          <bt:Set Name="Mailbox"/>
        </bt:Sets>
      </Requirements>
      <Hosts>
        <Host xsi:type="MailHost">
          <DesktopFormFactor>
            <FunctionFile resid="Commands.Url"/>
            <ExtensionPoint xsi:type="MessageComposeCommandSurface">
              <OfficeTab id="TabDefault">
                <Group id="msgComposeGroup">
                  <Label resid="GroupLabel"/>
                  <Control xsi:type="Button" id="msgComposeOpenPaneButton">
                    <Label resid="TaskpaneButton.Label"/>
                    <Supertip>
                      <Title resid="TaskpaneButton.Label"/>
                      <Description resid="TaskpaneButton.Tooltip"/>
                    </Supertip>
                    <Icon>
                      <bt:Image size="16" resid="Icon.16x16"/>
                      <bt:Image size="32" resid="Icon.32x32"/>
                      <bt:Image size="80" resid="Icon.80x80"/>
                    </Icon>
                    <Action xsi:type="ShowTaskpane">
                      <SourceLocation resid="Taskpane.Url"/>
                    </Action>
                  </Control>
                  <Control xsi:type="Button" id="ActionButton">
                    <Label resid="ActionButton.Label"/>
                    <Supertip>
                      <Title resid="ActionButton.Label"/>
                      <Description resid="ActionButton.Tooltip"/>
                    </Supertip>
                    <Icon>
                      <bt:Image size="16" resid="Icon.16x16"/>
                      <bt:Image size="32" resid="Icon.32x32"/>
                      <bt:Image size="80" resid="Icon.80x80"/>
                    </Icon>
                    <Action xsi:type="ExecuteFunction">
                      <FunctionName>action</FunctionName>
                    </Action>
                  </Control>
                </Group>
              </OfficeTab>
            </ExtensionPoint>
            <ExtensionPoint xsi:type="MessageReadCommandSurface">
              <OfficeTab id="TabDefault">
                <Group id="msgReadGroup">
                  <Label resid="GroupLabel"/>
                  <Control xsi:type="Button" id="msgReadOpenPaneButton">
                    <Label resid="TaskpaneButton.Label"/>
                    <Supertip>
                      <Title resid="TaskpaneButton.Label"/>
                      <Description resid="TaskpaneButton.Tooltip"/>
                    </Supertip>
                    <Icon>
                      <bt:Image size="16" resid="Icon.16x16"/>
                      <bt:Image size="32" resid="Icon.32x32"/>
                      <bt:Image size="80" resid="Icon.80x80"/>
                    </Icon>
                    <Action xsi:type="ShowTaskpane">
                      <SourceLocation resid="Taskpane.Url"/>
                    </Action>
                  </Control>
                </Group>
              </OfficeTab>
            </ExtensionPoint>
          </DesktopFormFactor>
        </Host>
      </Hosts>
      <Resources>
        <bt:Images>
          <bt:Image id="Icon.16x16" DefaultValue="https://samermerhi559.github.io/SDS-AI-Outlook-Plugin/assets/icon-16.png"/>
          <bt:Image id="Icon.32x32" DefaultValue="https://samermerhi559.github.io/SDS-AI-Outlook-Plugin/assets/icon-32.png"/>
          <bt:Image id="Icon.80x80" DefaultValue="https://samermerhi559.github.io/SDS-AI-Outlook-Plugin/assets/icon-80.png"/>
        </bt:Images>
        <bt:Urls>
          <bt:Url id="Commands.Url" DefaultValue="https://samermerhi559.github.io/SDS-AI-Outlook-Plugin/commands.html"/>
          <bt:Url id="Taskpane.Url" DefaultValue="https://samermerhi559.github.io/SDS-AI-Outlook-Plugin/taskpane.html"/>
          <bt:Url id="Dialog.Url" DefaultValue="https://samermerhi559.github.io/SDS-AI-Outlook-Plugin/tools/dialog.html"/>
        </bt:Urls>
        <bt:ShortStrings>
          <bt:String id="GroupLabel" DefaultValue="Contoso Add-in"/>
          <bt:String id="TaskpaneButton.Label" DefaultValue="Show Task Pane"/>
          <bt:String id="ActionButton.Label" DefaultValue="Perform an action"/>
        </bt:ShortStrings>
        <bt:LongStrings>
          <bt:String id="TaskpaneButton.Tooltip" DefaultValue="Opens a pane that enables users to insert text."/>
          <bt:String id="ActionButton.Tooltip" DefaultValue="Perform an action when clicked."/>
        </bt:LongStrings>
      </Resources>
    </VersionOverrides>
  </VersionOverrides>
</OfficeApp>
